<?xml version="1.0" encoding="UTF-8"?>
<data-sources>
	<data-source id="mysql5-16a71eba901-34ac8737b9cf0586" provider="mysql" driver="mysql5" name="MySQL - bigdata" save-password="true" read-only="false">
		<connection host="localhost" port="3306" server="" database="bigdata" url="jdbc:mysql://localhost:3306/bigdata" user="root" password="QlZVdCGi" home="C:\Program Files\MySQL\MySQL Server 5.5" type="dev">
			<property name="connectTimeout" value="20000"/>
		</connection>
		<virtual-meta-data>
			<container name="model">
				<container name="bigdata">
					<entity name="movie">
						<constraint name="PRIMARY" type="VIRTUAL KEY">
							<attribute name="id"/>
							<attribute name="title"/>
							<attribute name="director"/>
							<attribute name="content"/>
							<attribute name="img"/>
						</constraint>
					</entity>
					<entity name="member">
						<constraint name="PRIMARY" type="VIRTUAL KEY">
							<attribute name="id"/>
							<attribute name="pw"/>
							<attribute name="name"/>
							<attribute name="tel"/>
						</constraint>
					</entity>
				</container>
				<container name="movie">
					<entity name="ticket">
						<constraint name="PRIMARY" type="VIRTUAL KEY">
							<attribute name="mname"/>
							<attribute name="city"/>
							<attribute name="day"/>
							<attribute name="hall"/>
							<attribute name="time"/>
							<attribute name="seat"/>
							<attribute name="price"/>
						</constraint>
					</entity>
				</container>
			</container>
		</virtual-meta-data>
	</data-source>
	<filters/>
</data-sources>